time,mass (ug)
3.0,1.225225763
3.9,2.436057002
5.7,3.434992762
7.9,4.087143466
9.2,4.160718223
11.0,4.277248615
13.4,4.355335831
21.9,4.589336035
