time,MPHP,OH,oxo,cx
22,0.124563949,3.023643177,3.995387819,0.141548212
46,0.130357621,3.304735633,4.365471001,0.170016008
