time,MPHP,OH,OXO,CX
22,0.039831495,0.873665742,1.623834369,0.039538607
46,0.05141884,1.162355292,1.99391755,0.056935594
