time,oxo,std
22,2.48,1.335867802
46,2.74,1.475111115
