time,OH,std
22,1.544742327,0.936702414
46,1.723274022,1.011885122
