time,MPHP,std
22,0.055522691,0.037835791
46,0.060230049,0.038690433
