time,MPHP,OH,OXO,CX
22,0.03621045,1.048398891,1.593623497,0.049027872
46,0.039107286,1.139564012,1.684256113,0.060098682
