time,MPHP,OH,OXO,CX
22,0.015208389,0.516602352,0.815693543,0.031630885
46,0.016656807,0.546990726,0.861009851,0.034793974
