time,MPHP,OH,OXO,CX
22,0.050694631,2.210754182,3.950071511,0.111498871
46,0.053591467,2.484249545,4.448550899,0.136012807
