time,MPHP,OH,OXO,CX
22,0.066627229,1.595389616,2.90024371,0.079077213
46,0.070248274,1.701748924,3.081508942,0.093311112
